,id,author_id,text,created_at
0,1511040755262889984,1420660507,Amy Schumer: #WillSmith Slap Says So Much¬†‚ÄòAbout Toxic Masculinity‚Äô https://t.co/DoYXPjo6Zt https://t.co/fyjLjv55V2,2022-04-04T17:59:24.000Z
1,1511040653563682823,848997614095814656,"üî¥ STREAM NOW: https://t.co/hPbKkdhEWj

‚û°Ô∏è #Grammys: Trevor Noah Takes Jab at #WillSmith
‚û°Ô∏è #RedCarpet Fashion
‚û°Ô∏è #Disney: Should Companies Be Involved in Politics?
‚û°Ô∏è Sexually Abused by a Priest, Survivor Becomes a Priest

w/ @SamSchacher @JeffSchroeder23 @AlJackson &amp; @EricaCobb https://t.co/Dy5WQHzigU",2022-04-04T17:59:00.000Z
2,1511040594919014400,1256383268582293504,"Visit the link:

https://t.co/KbQxPmo5XO

@TheAcademy 

#OTEntertainment #WillSmith #AcademyAwards #OscarsSlap #BadBoys4 #FastandLoose #MovieDelay #USA",2022-04-04T17:58:46.000Z
3,1511040193364729856,535031998,Day 331: Saturday Night Live always knows how to capture the moment. üòÇüòÇüòÇ #SNL #WillSmith #SeatFiller https://t.co/iVSEHj04VH,2022-04-04T17:57:10.000Z
4,1511039881778286594,52250883,"People are so quick to judge #WillSmith so quick to condemn #willsmithoscars the very people who are they have the same unaware issue too. Will did more good, have an excellent loving heart. And the surface unaware people clearly can't see the deeper issue. https://t.co/eeJk0CYNCr",2022-04-04T17:55:56.000Z
5,1511039721337729031,1269631328154247170,"‚Å¶@WhoopiGoldberg‚Å© Didn‚Äôt you just yell about not painting everyone with the same brush? Or is that just for elites like you and #willsmith?Goldberg claims Republicans opposing Ketanji Brown Jackson nomination because she's Black

https://t.co/7VHucPpmiY",2022-04-04T17:55:17.000Z
6,1511039677783961601,1420660507,#AmySchumer Is Calling Out #WillSmith‚Äôs ‚ÄòToxic Masculinity‚Äô For Slapping #ChrisRock At The #Oscars https://t.co/JKcMveOWhc via @UPROXXMovies https://t.co/m5oTfc6kXh,2022-04-04T17:55:07.000Z
7,1511039657055768576,26020465,#TatyanaAli says her ‚Äúheart aches‚Äù over #WillSmith slapping #ChrisRock https://t.co/xCJGfJ2fE3,2022-04-04T17:55:02.000Z
8,1511039582724317188,54677680,"I think #WillSmith should be known as Will ‚ÄúSlappy‚Äù Smith going forward.  I miss the old days of colorful #nicknames.  

Will Smith.  #WillSlappySmith 
#Trending",2022-04-04T17:54:44.000Z
9,1511039319108169731,1142264935,"#Netflix and #Sony pull back from #WillSmith-led projects amid #Oscars fallout :o https://t.co/VZt6S9wwk4 #ICantFeelMyFace #Fashion #Country #Oaklawn/ #Dallas, #Texas #USA #UK #TV #Radio #NewMusic #Travel #App",2022-04-04T17:53:42.000Z
10,1511038891796705285,1058791709092519936,Smh #willsmith managed to destroy his career in the very moment of receiving an Oscar.,2022-04-04T17:52:00.000Z
11,1511038885077438466,16619905,"wrote ""When black men protect black women ~ Overlooking the larger request from the #ProtectBlackWomen hashtag after the Will Smith slap"" https://t.co/dHEDe5YElJ 

#TonyRock #blackwomen #blackmen #WillSmith #chrisRock #feminism 

(Photo credit: Alex Starnes/Unsplash) https://t.co/r4k2Io0Gx7",2022-04-04T17:51:58.000Z
12,1511038855704715277,2198740123,#WillSmith doesn‚Äôt believe in violence üòÜ https://t.co/W7WSCeaBra,2022-04-04T17:51:51.000Z
13,1511038757029429256,1309525654573117442,"New episode is out now! LINK IN BIO

We have an original take on the Will Smith/Chris Rock debauchery!(no we don't) THEN we learn about famous internet dumshit Noah Katz of Artesian Builds on this weeks ""From Bad to Worse""!

#podcast #PodcastAndChill #WillSmith #ChrisRock https://t.co/EAdIdZqYoZ",2022-04-04T17:51:28.000Z
14,1511038717091205123,17528791,"What we can learn from the #WillSmith incident

Let his work continue, he will repay in enlightenment for all many times over https://t.co/T61uhqC0YP",2022-04-04T17:51:18.000Z
15,1511038602947530760,405554207,"Ricky Gervais on Jada Pinkett Smith s alopecia #Oscars joke:

""Someone said it was joking about her disability. Well I'm going a bit thin so I'm disabled. That means I can park right up to Tescos now"". ü§£üòÇ üëèüëè

#Willsmith #JadaPinkettSmith
#RickyGervais

https://t.co/2evybNpswr",2022-04-04T17:50:51.000Z
16,1511038461280759816,864801181,"I don't know what the fuss over #chrisrockwillsmith is for. In the past there were far worse rows but  talking about when people were remembered for their films as both #WillSmith and #JadaPinkettSmith shall be, not for being paid to insult your betters as #chrisrock will",2022-04-04T17:50:17.000Z
17,1511038003719847943,387987470,Will Smith when he first herd Chris rock joke.. #Will Smith #AcademyAwards2022 #chrisrockwillsmith #Jada #Willsmith #whatjusthappened #ChrisRock #JadaPinkettSmith #WillAndChris https://t.co/9xifUqcc4q,2022-04-04T17:48:28.000Z
18,1511037534075244551,6038642,#ICYMI Mel Gibson interview halted after Will Smith slap attack question https://t.co/LqRWR3rMmR #MelGibson #WillSmith #FoxNews,2022-04-04T17:46:36.000Z
19,1511037473442336771,931605073515311104,Will Smith should hire Denzel as his lawyer. #willsmith #philadelphia #chrisrock https://t.co/hfBUzld3Nk,2022-04-04T17:46:22.000Z
20,1511037181690892301,18139099,What this #WillSmith/#ChrisRock situation has exposed is a lot of people like to center themselves and their agendas in convos not about them,2022-04-04T17:45:12.000Z
21,1511036814869807104,19176909,"""Love &amp; Money"" - Episode 113 - The Slap Heard Around The World https://t.co/bZ4cNWssIV via @YouTube #willsmith #chrisrock #JadaPinkettSmith #oscarsslap #oscarslap",2022-04-04T17:43:45.000Z
22,1511036738499604482,18025035,Why Hollywood Is Hitting The Pause Button On Upcoming #WillSmith Movies via @Forbes by @ScottMendelson https://t.co/TRlsbVO9bU via @forbes,2022-04-04T17:43:26.000Z
23,1511036539895259138,180618846,Learned that #ChrisRock suffers from a non-verbal learning disability and has difficulty picking up social cues. Did you know that before ypu slapped him in front of billions? #WillSmith,2022-04-04T17:42:39.000Z
24,1511036527014522886,1505578382779576320,"Instead of focusing on #ChrisRock and #WillSmith, how about you focus on getting your money up and check‚Ä¶ https://t.co/Mv0RqRx9Dq",2022-04-04T17:42:36.000Z
25,1511035722031058948,19580451,Grammy Awards Get Terrible TV Ratings. Even #WillSmith's slap couldn't help the #Grammy's.  Maybe all this hypocritical celebrities need to understand we don't care about them patting themselves on the back and telling us how to live and who to vote for.  https://t.co/KS1lCKgSoQ,2022-04-04T17:39:24.000Z
26,1511035394124500992,21453076,I made a parody remix of the fresh prince #WillSmith #ChrisRock #Oscars #JadaPinkettSmith #freshprince #parody #remix #nike #Jordan https://t.co/xwdjWXQRhB,2022-04-04T17:38:06.000Z
27,1511034196059635713,1225718898110038016,"Netflix shelves 'Fast and Loose'...

#hollywood #love #losangeles #actor #movie #movies #film #cinema #actress #instagram #instagood #s #fashion #music #photography #model #california #follow #beautiful #art #la #like #films #india #tollywood #Bollywood #netflix #WillSmith https://t.co/zNri55UqoJ",2022-04-04T17:33:20.000Z
28,1511034057001422852,28326804,"Fucking love @tomsegura's response to the #WillSmith thing. Oooff üëç‚ö°üî•
https://t.co/bPbVnBs3ns",2022-04-04T17:32:47.000Z
29,1511033493299646465,14228245,"Universal Fans Say Attraction Starring Will Smith Is Different After Oscars Incident
https://t.co/QvFLZ7m7Ez

#Universal #UniversalOrlando  #WillSmith https://t.co/ubWoRkSKGW",2022-04-04T17:30:33.000Z
30,1511033376114978822,1458132991771824141,Tony Rock goes off on Will Smith-Jada at comedy show after slapping his ... https://t.co/SQrFsZIwQC via @YouTube #chrisRock #JadaPinkettSmith #willsmith #oscars  #tonyrock #chrisrockwillsmith,2022-04-04T17:30:05.000Z
31,1511033373342453762,1116739296319496192,"The Slap, across The Face. #WillSmith

https://t.co/0EyjgTjlp9",2022-04-04T17:30:04.000Z
32,1511033367839404032,30628665,"Will Smith Slaps Chris Rock!!! ‚Äî- personal rant‚Ä¶ #willsmith #ChrisRock #chrisrockwillsmith #Oscars 

Full version hereüëáüèΩ: 
https://t.co/BwByC1WFtq https://t.co/Up6hOwqwrn",2022-04-04T17:30:03.000Z
33,1511033366593875980,1286076959215124480,"The anchors kicked things off with jokes about the slap, with Michael Che arguing that, with as much as the public knows about the Smiths‚Äô personal life‚Ä¶ #SNL #WillSmith #TheSlap #ChrisRock https://t.co/1v1EJduPyN",2022-04-04T17:30:02.000Z
34,1511033366581235716,1035239297819926528,"The anchors kicked things off with jokes about the slap, with Michael Che arguing that, with as much as the public knows about the Smiths‚Äô personal life‚Ä¶ #SNL #WillSmith #TheSlap #ChrisRock https://t.co/XaA5Mk9I64",2022-04-04T17:30:02.000Z
35,1511032776497274882,174878122,"We‚Äôve talked a lot about #WillSmith, perhaps it‚Äôs time to talk about Jada?",2022-04-04T17:27:42.000Z
36,1511031559297527813,211761823,"If @TheAcademy cancelled @KevinHart4real for a 10 year old tweet to host the #Oscars, they should take #WillSmith Oscar back and cancel his win, put the Oscar in the Academy museum with a #NeverAgain installation against violence... or admit you promote violence. Integrity right?",2022-04-04T17:22:52.000Z
37,1511031542444924934,1018335960558338048,So #Netflix thinks somebody‚Äôs about to cancel #WillSmith over a slap. Idc what he did I‚Äôm not canceling him over yaw $14 subscription. Disney Plus here I come. But yaw will keep abusers and molesters and alcoholics and drug users on their movies and Episodes though #assbackwards,2022-04-04T17:22:47.000Z
38,1511031390334160898,1468895261648769024,"The funniest headline I've seen so far about the #willsmithslap 

Really?  You think so?  I bet he'll be getting a EBT card soon.

#WillSmithAssault #WillSmith #WillAndChris #chrisrockwillsmith #SNL @esquire https://t.co/4cwIov9nZR",2022-04-04T17:22:11.000Z
39,1511031163090968577,1201253896426930176,"Divyanka gives out her opinion on the Will Smith-Chris Rock episode..
But the real question is... Who asked?
#DivyankaTripathi #WillSmith https://t.co/YWpnTuZOOx",2022-04-04T17:21:17.000Z
40,1511030844252635138,1459336623632568325,thanks #willsmith cant tell a joke no mo https://t.co/2MVqcHGPNJ,2022-04-04T17:20:01.000Z
41,1511030025184854016,316445157,"OK, admit it.  #willsmith did not connect with #ChrisRock!",2022-04-04T17:16:46.000Z
42,1511029868628041738,1267874621015109638,Had to weigh in‚Ä¶ #oscars2022 #willsmith #willsmithslap #chrisrocked #chrisrock #chrisrockslap #nuance https://t.co/VoLd9HtgOZ,2022-04-04T17:16:08.000Z
43,1511029590092881920,1478691305542889477,The 227's YouTube Chili' Miami Chili' Heat #HeatTwitter http:Spicy' Spicy' NBA Mix! Got ROCKED! #chrisrock #willsmith #slap #viral #nba #basketball #oscars‚Ä¶ v=uvRjFmlJbpw&amp;utm_source=&amp;utm_medium=twitter  https://t.co/YrGwqApgwsüôè,2022-04-04T17:15:02.000Z
44,1511029095915794432,1511013993355386889,"The NBCs Are The Laughing Stock of The World. 
https://t.co/KPHaxXurAc
#WillSmith #ChrisRock #JadaPinkettSmith",2022-04-04T17:13:04.000Z
45,1511028045179604993,1083263067461308416,"crying a boo hoo sad river for will smiths bald wife
‚Äòep149: Boo hoo will smith bald wife‚Äô by Blaze McFirebackflip on #SoundCloud #baldwife #mybaldwife #beautifulbaldwoman #willsmith #newpodcast https://t.co/jefTWgY3aV",2022-04-04T17:08:54.000Z
46,1511027986702602241,1276381575320449025,"Want to create some creative pattern design for your project?visit here:https://t.co/QIYpWsgsYp
#Russia #Ukraine #Pakistan #imrankhan #willsmith #pattern #clothing #print #illustration #art https://t.co/wsjf6hJleC",2022-04-04T17:08:40.000Z
47,1511027856935034883,1456110008,DID WILL DEFEND JADA ? #OSCARSLAP #WILLANDJADA #WILLSMITH #JADAPINKETTSM... https://t.co/GkqPDKGJBV via @YouTube !!,2022-04-04T17:08:09.000Z
48,1511027506878550020,2925046704,"I won‚Äôt miss him, but I think this is taking the punishment too far. #WillSmith https://t.co/jYfUR4IMBE",2022-04-04T17:06:45.000Z
49,1511027372371456003,21194711,".@thetalentguru #WillSmith #JadaPinkett #TheOscars

NO BLACK WOMAN woke up thinking I want to know what #FranLebowitz thinks about the #Misogynoir cultural &amp; racial shaming struggles of black women &amp; ableism towards illnesses by #ChrisRock who has a history of HATING black women. https://t.co/JzY3RtZ8Yn",2022-04-04T17:06:13.000Z
50,1511026860679135233,1386571266920878080,"Stop judging people who don‚Äôt want to see it!
#Friends #WillSmith #WillSmithMemes #overrated #AcademyAwards2022 #Oscars2022 https://t.co/A0YepMOQqJ",2022-04-04T17:04:11.000Z
51,1511026800301854725,1202664396092256257,"Will Smith, Aliens, and Arnold's Bastard! | Regulators EP#36 OUT NOW!!!!
On YouTube and ALL audio streaming platforms!
https://t.co/lPpa8wwRO9

#comedy #podcast #willsmith #jadapinkettsmith #Aliens https://t.co/CVTJV5T8Zg",2022-04-04T17:03:57.000Z
52,1511026153024376840,30110761,Denzel Washington Weighs In on Will Smith Slap: ‚ÄòWho Are We to Condemn?‚Äô https://t.co/K1ZynkVLDg via @Variety #WillSmith #DenzelWashington https://t.co/IQv7DqpePH,2022-04-04T17:01:23.000Z
53,1511026060753788931,1048854114,1/ I honestly don't feel this is right. I agree that Will Smith should never put his hands on anybody but I feel like all this negativity going his way. It's a bit extreme. #WillSmith #ChrisRock Will Smith and Chris Rock should handle this like adults and in a public manner. They,2022-04-04T17:01:01.000Z
54,1511025934329159680,1298940456928268288,If y‚Äôall out here dancing to Chris Brown music and all them other rapists and abusers in the black community we better not be out here cancelling #WillSmith for defending his wife #IsaidWhatisaid,2022-04-04T17:00:30.000Z
55,1511025928092061697,979576008004136961,This didn't age well for #WillSmith.... https://t.co/hQBqzIheg5 via #WillSmithAssault,2022-04-04T17:00:29.000Z
56,1511025821229600775,1478581035881283585,Seems that Americans lost interest in the War in Ukraine faster than you can say Fauci.  Ya we made a meme on the Will Smith slap also.  We will see how long the hype over it lasts.  #warinukraine #willsmith https://t.co/tORWuF7Uzx,2022-04-04T17:00:03.000Z
57,1511025596196958218,1067826336453050368,"Not too late to catch our most recent episode. 

Dutch and Del look into #SlapGate and discuss #ChrisRock and #WillSmith and exactly what went down at the #Oscars2022. 

#Oscars
#WillSmithAssault
#oscarslap
#chrisrockwillsmith

https://t.co/DQ2Tc17hFR",2022-04-04T16:59:10.000Z
58,1511025469646323715,65052078,Just watch #KingRichard forget any shit around #WillSmith is a flipping cracking film and he was brilliant üëèüèªüëèüèª,2022-04-04T16:58:40.000Z
59,1511024974580129796,1501599752114393094,"Have you had a chance to listen to the latest episode of #shoppingfortea ?  #toriamos #willsmith #survivor #oscars #CODAfilm #TaylorHawkins 

 https://t.co/V2MEzeWDob",2022-04-04T16:56:42.000Z
60,1511024903763419136,518893575,"#iTHiNKLabs Episode 209üî¥https://t.co/KzBFUI4ZQ0

This Week:

#UkraineRussiaWar #Business #Apple #Security #WillSmith #Uyghurs #Cryptotrading #NorthKorea #NATO #Travel #USA #Travel #iPhone #China #Education #WW3 #Bucha #Russia #AOC #CyberSecurity #Nuclear #Parents @AOC @POTUS‚ñº https://t.co/zBi3HwGLwW https://t.co/mF5G4kEBXe",2022-04-04T16:56:25.000Z
61,1511024788977995783,3024349227,"You've seen the slap. Here's the punchline.
https://t.co/0StxmpZdSA
#WillAndChris #willsmithchrisrock #WillSmith #ChrisRock #Oscars #slap #SlapGate #SlappyOscars #SlapChrisRock",2022-04-04T16:55:57.000Z
62,1511024623009374209,401019529,"#TrevorNoah opened Sunday night's #GRAMMYs ceremony with a reference to #WillSmith's #Oscars slap the previous week.
https://t.co/56GSdTcgxq",2022-04-04T16:55:18.000Z
63,1511024575504650240,1327237027,"Choose wisely üòÇ

#carnivoreclub #jerky #willsmith #chrisrock #memes #carnivore #subscriptionbox #meatsubscription #charcuteriesubscription #funny https://t.co/ExWHzBPzBz",2022-04-04T16:55:06.000Z
64,1511024506432856077,3015110439,"So Jim Carey thinks #WillSmith is selfish.  I guess it takes one to know one......
https://t.co/0IVi9LCXmS",2022-04-04T16:54:50.000Z
65,1511024451181236234,1253132880684990467,Thank you for this thought-provoking article.   As for the number of hits on #WillSmith versus #America's historic #trillion dollar Infrastructure #Bill? Wow!...... https://t.co/fpyzVtKrtc #writingcommunity #amwriting #enlightenment #spiritual,2022-04-04T16:54:37.000Z
66,1511024305387278338,1382292481581096970,"Willow, the daughter of Will Smith and Jada Pinkett had written a letter to Tupac asking him to resurrect to make her mother happy #willsmith #chrisrock #jadasmith #pinkett #comedy #comedian #tupac https://t.co/vuE3NwYSn1",2022-04-04T16:54:02.000Z
67,1511024295169908740,1403217632979939329,"Willow, the daughter of Will Smith and Jada Pinkett had written a letter to Tupac asking him to resurrect to make her mother happy #willsmith #chrisrock #jadasmith #pinkett #comedy #comedian #tupac https://t.co/1KsfmSAX9E",2022-04-04T16:54:00.000Z
68,1511024283149033480,802962917956014080,"Willow, the daughter of Will Smith and Jada Pinkett had written a letter to Tupac asking him to resurrect to make her mother happy #willsmith #chrisrock #jadasmith #pinkett #comedy #comedian #tupac https://t.co/B14JNLTzV0",2022-04-04T16:53:57.000Z
69,1511024181940559874,1441352391442542592,#Netflix and #Sony pause upcoming projects starring #WillSmith after he slapped @chrisrock at the #Oscars. Sorry but in #europe we'll #boycottNetflix #boycottSony https://t.co/T2m3FaKgbk,2022-04-04T16:53:33.000Z
70,1511024087807713286,1435713958707597313,"#Comedian Chris Rock, backstage at the #Oscars, watches Sean ""Diddy"" Combs on a monitor on Sunday, March 27. This was after Rock was slapped on stage by actor #WillSmith. 
Robert Gauthier/Los Angeles Times/Getty Images
source: 
https://t.co/ecBTIv8BjZ https://t.co/VB1WXuQhpp",2022-04-04T16:53:10.000Z
71,1511023791606054916,1472765569,"Don‚Äôt fight, make music #Oscars #WillSmith #ChrisRock #saxophonist #bass üé∂ https://t.co/rphHth7T4D",2022-04-04T16:52:00.000Z
72,1511023740972376065,21547488,#TheNooner #WillSmith learned from the best! https://t.co/W3YGpVx2OY #HUMOR #COMICS #FUNNY üñïüèæALL #antivaxxers &amp; #antimaskers! üëçüèæ #Oscars #Slap #JoanCollins #GetVaccinated #WearAMask #BlackLivesMatter #CartoonistsWhoResist,2022-04-04T16:51:47.000Z
73,1511023025856126980,532734328,We let #ChrisRock insult people about their illness like laughing about people's death so september 11th was as funny? #WillSmith #Oscars2022 #Oscars #wecantlaughabouteverything,2022-04-04T16:48:57.000Z
74,1511022919635320842,3015110439,"BIG WILLIE STYLE... #WillSmith 
https://t.co/XEmSjGoIxW",2022-04-04T16:48:32.000Z
75,1511022916619579392,1382324723585933319,"Why does Putin want Ukriane ? üá∑üá∫üî•üá∫üá¶üëá
#UkraineUnderAtta—Åk #GenocideOfUkrainians #UkraineRussiaWar #Ukraine #PutinWarCrimes #TejRan #WarCrimes #nato #iplmemes #StandWithUkraine #WillSmith #GrammyAwards #nasdaily #IPL2022 #SRHvLSG https://t.co/XxWV2pMDlt",2022-04-04T16:48:31.000Z
76,1511022744430915584,17636778,"#Oscars #WillSmith #Denzel #TDJakes we know why #DenzelWashington broached the apocryphal #Satan becuz of his ties to #Christianity &amp; we all make mistakes but this was borderline psychotic &amp; there's NO EXCUSE, NO JUSTIFICATION
https://t.co/U7nni7vRxU",2022-04-04T16:47:50.000Z
77,1511022742534991872,280333625,#WillSmith to everyone except the person he is mad at https://t.co/qc5jOIMVgd,2022-04-04T16:47:49.000Z
78,1511022346169028610,2702394775,"Two Points on #WillSmith's Slap.

by members of the National Tour to Get Organized for an ACTUAL Revolution

https://t.co/0HugMUtoWu",2022-04-04T16:46:15.000Z
79,1511021324478541826,1242516085397532672,the Controversial hit single PsychoFreak will be out this Friday üñ§ #Willow #WillSmith #ThatGirl #Camila #OleGirl #WillowThisisntyou  https://t.co/rSVOJpyOTl,2022-04-04T16:42:11.000Z
80,1511021219944046600,1369398062364438531,"When Somebody Say Something Crazy.
#WillSmith https://t.co/T8hwElU9Gs",2022-04-04T16:41:46.000Z
81,1511020981627899907,193796574,Which #comicbook will have an homage cover to this image first? Some people also use the ‚Äúcover swipe‚Äù term as well. Will it be Deadpool slapping Wolverine? Batman slapping Robin? What‚Äôs it gonna  be?! #ChrisRock #willsmith #theslap #MarvelComics #dccomics #idw #imagecomics https://t.co/1uGlNwgOQZ,2022-04-04T16:40:50.000Z
82,1511020964510842883,310203950,I have always been a fan and when you watch someone and think there a really nice person a gentleman I thought this of will smith that he was a genuine nice person how wrong can someone be  #WillSmith,2022-04-04T16:40:46.000Z
83,1511020938548105218,3015110439,"#RacistUkraine supporters in Hollywood hate #WillSmith.....
https://t.co/pPNapQBXgx",2022-04-04T16:40:39.000Z
84,1511020822634409989,635571466,Look what I found! King Richard(Will Smith) collectible. #willsmith #JadaPinkettSmith #ChrisRock #WrestleMania #Russia #https://rarible.com/token/flow/A.01ab36aaf654a13e.RaribleNFT:195416 #rarible #flow #nonfungible #digitalasset #nft via @rarible,2022-04-04T16:40:12.000Z
85,1511020821510336514,73219066,Trevor Noah Subtly SHADES Will Smith &amp; Chris Rock Oscars Slap At Grammys https://t.co/zcXrJ8iL8N a trav√©s de @YouTube #TrevorNoah #WillSmith #ChrisRock,2022-04-04T16:40:11.000Z
86,1511020814786875397,572736744,Tip my hat to #denzelwashington. üôèüèª #lovewins #willsmith #chrisrock #Oscars https://t.co/qo7Qt1tOb4,2022-04-04T16:40:10.000Z
87,1511020787943182339,20461099,I forgot I did this joke about #WillSmith 10 years ago... am I next? https://t.co/OYFC7qyD5A,2022-04-04T16:40:03.000Z
88,1511020585442107395,1192837816889294849,"Stay clear from the #WILLSMITHINU token pump-and‚Äìdump scheme.

This token was launched last Monday after #WillSmith slapped #ChrisRock during Sunday‚Äôs #Oscars ceremony. 

Its price pumped a 1000% the day following the incident, only to crash 80% since then.

#dyor https://t.co/bYqFxSVctG",2022-04-04T16:39:15.000Z
89,1511019776692338691,957336331063037953,"https://t.co/ZIK9SixxSy
Episode 17 is live! We talk about the Moon Knight premiere (and have wildly different opinions on it), the Oscars slap and the Halo show!
#Oscars #WillSmith #HaloTheSeries #Halo #HaloSeries #MoonKnight #MarvelStudios #disneyplus #OscarIsaac",2022-04-04T16:36:02.000Z
90,1511019514393153538,1497618738438455296,"where's yakuza ishin?
@RGGStudio @SEGA  @PlayStation 
#willsmithslap 
#yakuzaishin
#WillSmith https://t.co/2yvegjyvlm",2022-04-04T16:35:00.000Z
91,1511019302555693067,546358387,"#WillSmith was wrong, but he can take pride in the fact that he has NEVER done nor said anything to #exploit anyone for #money. https://t.co/hamb6ZK6Zr",2022-04-04T16:34:09.000Z
92,1511018701407100928,885184995089952770,"Get my art printed on awesome products. Support me at Redbubble #RBandME:  https://t.co/F4wzB1CKwX #findyourthing #redbubble
#WillSmith #WillSmithAssault #willsmithslap",2022-04-04T16:31:46.000Z
93,1511018527066673157,264553115,Glad I didn‚Äôt watch @RecordingAcad last night to watch a yte CisHet comedian sex abuser that has dropped the ‚Äún‚Äù word with the hard ‚Äúer‚Äù get an award.  And I‚Äôm sure everyone was booty clapping hard for him while jokes were being made about #WillSmith. Karma be swift on them.,2022-04-04T16:31:04.000Z
94,1511018504685768704,255545275,IDK anything 'bout a #WillSmith #ChrisRock #SlapChrisRock I do know #this #slaps on #bandcamp #Spotify &amp; all other percentiles of a penny paying #Streaming #services #hiphop #rap #HipHopMusic #music  (@RICHelDIOS):  https://t.co/cypD28e0qo,2022-04-04T16:30:59.000Z
95,1511018484746141705,885184995089952770,Get my art printed on awesome products. Support me at Redbubble #RBandME:  https://t.co/9x5LlUD0qr #findyourthing #redbubble #WillSmith #WillSmithAssault #willsmithslap,2022-04-04T16:30:54.000Z
96,1511018327849594881,719652142856843266,"EP217 | #willsmith #chrisrock #oscars #nfl #ncaa and more!

https://t.co/MXtCeMngZB
#podcast on all streaming platforms
On @BleavPodcasts

Livestream Weds 6:30pm PST/9:30pm EST!
Sponsors: https://t.co/BRL4aEmYh0 &amp; https://t.co/Hku0v5BqS4 https://t.co/IEpmVOvdxE",2022-04-04T16:30:17.000Z
97,1511018267770601489,21906715,"#AmySchumer had some things to say! The comedian vented about ""toxic masculinity"" during her first public appearance since hosting the 2022 #Oscars gave her a front-row seat to the #WillSmith and #ChrisRock drama.
https://t.co/NVWSmmdMA5",2022-04-04T16:30:03.000Z
98,1511018264872337412,885184995089952770,"#WillSmith #WillSmithAssault #willsmithslap
Get my art printed on awesome products. Support me at Redbubble #RBandME:  https://t.co/ybV6byd3HM #findyourthing #redbubble",2022-04-04T16:30:02.000Z
99,1511018256324341764,3911239745,Podcast time! Watch tomorrow on my @PerezHilton YouTube or listen NOW! Talking #Grammys! The latest in the #WillSmith saga! Who else is obsessed with #JuliaFox? #HarryStyles juiciness! And more! Listen to @ThePerezHilton Podcast with @ChrisBooker at https://t.co/4o3dHcDUE0 https://t.co/IRSR2nQjS5,2022-04-04T16:30:00.000Z
100,1511018208576294915,25509620,Run up! #askflipman #RealEstate #realestateinvesting #finance #investment #ChrisRock #WillSmith https://t.co/hOukHs0tOS,2022-04-04T16:29:48.000Z
101,1511018071384805380,2331243922,Ive literally never seen stand up irl but I will now to fight the comedian Thanks #willsmith https://t.co/RU6wOpeSOv,2022-04-04T16:29:16.000Z
102,1511017864215552009,3015110439,"Whilst liars pretend to be ""outraged "" by the OBVIOUSLY FAKE #WILLSMITH ""SLAP"", this is going on....
 #Hypocrisy 
https://t.co/4NHnIef1QA",2022-04-04T16:28:26.000Z
103,1511017620002074625,2683316766,When will #WillSmith &amp; the slap #ChrisRock end? Will has become a joke even considered a fool for staying with his wife #JadaPinkettSmith because she may have more skeletons but #love makes people #fools &amp; so does heartbreak. Sometimes it's hard to let go https://t.co/YtIWz0clpL,2022-04-04T16:27:28.000Z
104,1511017485260275713,149021474,Can someone tell #WillSmith we miss him,2022-04-04T16:26:56.000Z
105,1511017228094914565,2343328074,"WILL SMITH in Elden Ring how will it be composed?

New Video: 
https://t.co/SiiM3A2dOh

#ELDENRING #WillSmith #ChrisRock https://t.co/gDsx1KsxFW",2022-04-04T16:25:55.000Z
106,1511017185073897479,3950544737,"NCAA mens finals tonight, USC women won, The Grammys, mass shooting in Sacramento, mass execution in Bucha, school shooting in SC, AND this HEFFA on @Cnn was complaining about #WillSmith dancing at a party over a week ago? https://t.co/qwiy05JYZP",2022-04-04T16:25:44.000Z
107,1511017144494010369,4509862640,"Well played Mel Gibson for not having a public opinion on the #WillSmith fiasco. He knew it was coming and his team knew that the topic was a prior ""End the Interview"" point. #MelGibson #ChrisRock #Oscars2022 #FoxNews https://t.co/ayoOG2x2K0",2022-04-04T16:25:35.000Z
108,1511016958317285380,1009613448,Will Smith Fallout: These Movie Companies Are Pausing Movies And Could Lose On Backlash Against Actor $DIS $AAPL $NFLX $SONY https://t.co/yCpJAqkm6o via @Benzinga #willsmith,2022-04-04T16:24:50.000Z
109,1511016949022666764,1550018371,Bel-Air 1x10 Season 1 Episode 10 Finale ''Where To?'' REACTION &amp; COMMENTARY is up  #BelAir #WillSmith #PeacockBelAir https://t.co/Tbq49FUDB4 https://t.co/tVOfUkHyFm,2022-04-04T16:24:48.000Z
110,1511016762749464586,1289748423617449984,"#WillSmith's reputation may have taken a hit, but #Summertime remains unscathed. üéµ üòå",2022-04-04T16:24:04.000Z
111,1511016746106310667,1504882250927775747,"Can't believe a creator has created a VR Experience of the Oscars. #WillAndChris #WillSmith 

I'm amazed how far this video has gone, to the point where this needs to be in history books 
https://t.co/Rvz1Cq4TH7",2022-04-04T16:24:00.000Z
112,1511016336071274496,22632229,"Trevor Noah mocks Will Smith Oscars controversy in Grammy opening monologue

#TrevorNoah #WillSmith #GrammyAwards #Oscars https://t.co/DwRpqhl8ls",2022-04-04T16:22:22.000Z
113,1511016162972381201,863918844464726016,‚Äò#BadBoys4‚Äô Production Halted After #WillSmith Slapped Chris Rock At The Oscars https://t.co/x3Sot0cojv,2022-04-04T16:21:41.000Z
114,1511016049218662404,1338880193864343552,"Credit to the creator (as its on the meme itself ) gg lmao clever
 #yugioh #yugiohtcg #WillSmith https://t.co/OulCZKchh2",2022-04-04T16:21:14.000Z
115,1511015958281867265,1057109146141683713,"I saw this #meme and I was crying üò≠ I‚Äôm so sick of the #WillSmith #ChrisRock memes, this #JadaPinkettSmith meme is a breath of fresh air. #workemgirl https://t.co/RkSNS0atBC",2022-04-04T16:20:52.000Z
116,1511015876526493704,1488922603683209225,When will it end?? #smash #SlapChrisRock #WillSmith #SmashBrosUltimate https://t.co/ohjEBuyTn6,2022-04-04T16:20:32.000Z
117,1511015843672604674,1483992150140497923,LMFAOO #WillSmith #JadaPinkettSmith #theoffice https://t.co/kdn5kYzqFU,2022-04-04T16:20:25.000Z
118,1511015737061781504,1337254117815820288,"Audio Out now!! Come listen to our take on this trending topic. Video will be out tonight . #willsmith #chrisrock #jadapinkettsmith #oscars #theslap #mentalhealth #relationship

https://t.co/H5ODs2cb2K https://t.co/VeYFdrblmZ",2022-04-04T16:19:59.000Z
119,1511015436468563972,1502679756248162311,"A new episode is out now on our @youtube channel. Check it out at GGS GAMING RP.. 

Link: https://t.co/3tdFXzRERH

#gtav #gtavrp #gtavfivem #fivem #willsmith #oscars #youtubegaming #roleplay #gtacops #gtafirefighter https://t.co/XUbq7QWKPk",2022-04-04T16:18:48.000Z
120,1511015384358350848,1429228354188812292,"Trauma has many faces
and this horse refuses to die like it‚Äôs supposed to

#ToxicMasculinity #IStandWithChrisRock #teamChrisRock #AcademyAwards #ChrisRock #WillSmith #memes https://t.co/XAIM0VLVA4",2022-04-04T16:18:35.000Z
121,1511015024600436739,1445078063801380866,"Will Smith project reportedly cancelled by Netflix following Chris Rock controversy. 
Read more- https://t.co/gtD83zn3Ff
#Netflix #WillSmith #ChrisRock #chrisrockwillsmith https://t.co/tY60ZFbjc7",2022-04-04T16:17:09.000Z
122,1511014357932593155,1498749340113936384,"ùêñùê¢ùê•ùê• ùêíùê¶ùê¢ùê≠ùê° - ùêâùêÆùê¨ùê≠ ùêìùê°ùêû ùêìùê∞ùê® ùêéùêü ùêîùê¨ (ùüèùüóùüóùüï) 

//#WillSmith #music #mtv #MondayMotivation #90s https://t.co/fEWgMkXjqy",2022-04-04T16:14:30.000Z
123,1511014100213669888,1507399412036870182,"Instead of focusing on #ChrisRock and #WillSmith, how about you focus on getting your money up and check #TerareumToken‚Ä¶",2022-04-04T16:13:29.000Z
124,1511014068043268121,15771003,"Smith, who issued a public apology a day after the Oscars, resigned from the Academy of Motion Picture Arts and Sciences on Friday. He says he will fully accept any and all consequences for his conduct. https://t.co/8oobLrppot

#Oscars #slap #WillSmith",2022-04-04T16:13:21.000Z
125,1511013818834591745,1486058090491428865,I dislike people üôÑ . #her #libra #WillSmith #ChrisRock,2022-04-04T16:12:22.000Z
126,1511013299730661381,28834750,"I don‚Äôt think the #academy of motion picture arts &amp; sciences needs to take any further action at this point. 

I‚Äôm still watching #WillSmith &amp; I‚Äôll watch #ChrisRock too. 

Last mentions of this in my timeline. 

I‚Äôll especially watch @jadapsmith üíú

#TheView",2022-04-04T16:10:18.000Z
127,1511013238422609922,3044575605,"""IT WAS OUR WEDDING DAY!""
#Disney #Encanto #brunomadrigal #felixmadrigal #WillSmith #ChrisRock #fanart #Memes #WeDontTalkAboutBruno #CLIPSTUDIO #weddingday https://t.co/j0TVx3wgzg",2022-04-04T16:10:03.000Z
128,1511012996260110338,1038658849,"DAILY RANT: There‚Äôs no need to hear any more about #WillSmith‚Äôs #Oscars tantrum or what @TheAcademy will, won‚Äôt, could, should, might or might not do. We all have bigger problems to worry about.",2022-04-04T16:09:06.000Z
129,1511012613395783682,1489945120883589127,"Netflix, Apple+ drop plans for Will Smith biopic after slap
#4422 #appletv #chrisrock #netflix #oscars2022 #willsmith
https://t.co/vPuupL2X5p",2022-04-04T16:07:34.000Z
130,1511012611931975680,1490327777102471172,"Netflix, Apple+ drop plans for Will Smith biopic after slap
#4422 #appletv #chrisrock #netflix #oscars2022 #willsmith
https://t.co/DMcoP5gvRP",2022-04-04T16:07:34.000Z
131,1511012610539462657,1490334760262148097,"Netflix, Apple+ drop plans for Will Smith biopic after slap
#4422 #appletv #chrisrock #netflix #oscars2022 #willsmith
https://t.co/Bii75vRD1Q",2022-04-04T16:07:34.000Z
132,1511012609130221573,1490351777023246341,"Netflix, Apple+ drop plans for Will Smith biopic after slap
#4422 #appletv #chrisrock #netflix #oscars2022 #willsmith
https://t.co/j7HPCyQ9UH",2022-04-04T16:07:33.000Z
133,1511012607829946373,1490404300186660871,"Netflix, Apple+ drop plans for Will Smith biopic after slap
#4422 #appletv #chrisrock #netflix #oscars2022 #willsmith
https://t.co/c9gJ18GwyP",2022-04-04T16:07:33.000Z
134,1511012590641504258,2925777646,"I‚Äôm suing Will Smith. I‚Äôm still traumatized by all that.
#WillSmith",2022-04-04T16:07:29.000Z
135,1511012538145808387,1497746677867941888,"Listen to ""The Will Smith Controversy: Worry About Yourself "". ‚öì https://t.co/1MmwrO9f67 

#SlapGate #Oscars2022 #WillSmith #willsmithoscars #ChrisRock #podcaster #podcasting",2022-04-04T16:07:17.000Z
136,1511012387884781570,28834750,I will still watch a #WillSmith movie @netflix #TheView,2022-04-04T16:06:41.000Z
137,1511012216161509382,364699232,"#CoachMusings

My second post on the #WillSmith #ChrisRock #SlapGate incident which demonstrated so much about human actions and behaviours, particularly under adverse conditions.

And of all that I have read on this and discussed‚Ä¶https://t.co/s4Lfe9rGaL https://t.co/htTG0ty6SN",2022-04-04T16:06:00.000Z
138,1511012147286921220,1468370467903971343,"Netflix, Apple+ drop plans for Will Smith biopic after slap
#4422 #appletv #chrisrock #netflix #oscars2022 #willsmith
https://t.co/vEXoYcQ2Kr",2022-04-04T16:05:43.000Z
139,1511011829052444673,1503898691517644807,Here‚Äôs the Spotify link for our latest #podcast episode! Join us as we talk about #FantasticBeasts #WillSmith and more! https://t.co/IoMsOKfsZ7,2022-04-04T16:04:27.000Z
140,1511011708772442116,1170451767940788225,"Sometimes you need to SAY what you need to SAY to a couple of your Clients so they #WAKEUP 

#nofilter #sportsadvice #GamblingTwitter #willsmith https://t.co/XTJmdBWDJ5",2022-04-04T16:03:59.000Z
141,1511011668997906432,963193821268987904,"Even though #remakes are some of the hottest things going in #Hollywood, there is absolutely NO #truth to the #RUMOR that #WillSmith or #AlecBaldwin have signed on to remake #PaulNewman's #Hockey #classic...""#SlapShot!"" https://t.co/ud60cRS5dk",2022-04-04T16:03:49.000Z
142,1511011427976318976,135519535,I won‚Äôt be paying to see any #WillSmith movies anytime soon.,2022-04-04T16:02:52.000Z
143,1511011427808530432,1503898691517644807,New #podcast episode out now! Join us as we talk about #willsmith #fantasticbeasts and more on today‚Äôs episode! https://t.co/oJK0pxyBz6,2022-04-04T16:02:52.000Z
144,1511011165773647878,1231805370181574657,ALL THE SMITH SHOULD BE CANCEL = especially jada hoe Pinkett #WillSmith #jadaistoxic #willowsmithislamophobic #jadenhossler https://t.co/ZnzGfAAp0l,2022-04-04T16:01:49.000Z
145,1511011129115516930,2161376173,"We couldn‚Äôt resist jumping in on this trendü§£

Do you know anyone that has never experienced a Silent Disco? Tag them below!

#meme #willsmith #viral #trending #chrisrock #silentdisco #silentdiscohire https://t.co/pJlsU0FsTF",2022-04-04T16:01:41.000Z
146,1511010947518902284,1242937326550036480,"Man #WillSmith had one job. One job. Accept his award, give a speech and sit down (ok, that's three). Instead, he messed up HIS career and those of others. I know #MartinLawrence must be callin #Will all kinds of names right now. This mf%√∑/__; right here! #BadBoys4",2022-04-04T16:00:57.000Z
147,1511010879575367689,28626894,"Hey, #WillSmith, here is another mission for you! #RandyRainbow wink wink -RD",2022-04-04T16:00:41.000Z
148,1511010712520302592,4305530600,"It's time to get creative! üòÇüëã

https://t.co/9xZL1LU85E

#WillSmith #ChrisRock #MadLipz #voiceovers #funny",2022-04-04T16:00:01.000Z
149,1511010707499847685,1449502640,"Tomorrow, the epic replay of Laggin' Out Live just for u on YouTube! Discussing more gaming news!  #ghostwirereview #review #ghostwire #ghostwire  #ghostoftsushima  #theflash r #ezeramillerarrested #willsmithslapschrisrock #willsmith #brucewillisaphasia #diablo4 #breathofthewild2 https://t.co/CHVvJ4sp7b",2022-04-04T16:00:00.000Z
150,1511010647554899973,1263328741914284032,"It gon be like that . Duh. 

CNN: Will Smith came up at the Grammys, naturally.
https://t.co/rzQBACyxoq

via @GoogleNews
#WillSmith",2022-04-04T15:59:46.000Z
151,1511010608279400454,1172663568,"WTF, has #Madonna also been beaten up by The Fresh Prince of Belhair, #WillSmith??

üé∂ Who's that Girl?
https://t.co/uQwzWl7mSN

#nJoy #TheArtistFormerlyKnownAsMadonna https://t.co/OteaLcACOl",2022-04-04T15:59:36.000Z
152,1511010398950113283,797001103,"Here is a funny-ish clip about #WillSmith, even tho I‚Äôm not a fan of #SNL. This one is all about the punchline at the end: üëáüèæ
https://t.co/kqdqnbtaQK

#TheView
#Oscars
#WillSmith 
#JadaPinkettSmith
#ChrisRock",2022-04-04T15:58:46.000Z
153,1511010255236321285,1468407987773784067,"This is when I shoutout and mention and unify #KateBolduan #willsmith #cnn #grammys #OliviaRodrigo but don‚Äôt get crazy (70%) 

The simulation was perfected, that‚Äôs an existential breakthrough, an hour, a day, a week, a month, maybe even a year.",2022-04-04T15:58:12.000Z
154,1511009918198841347,1403015192452030469,All my podcast I‚Äôve had to FIGHT. #JenniferLopez and now #WillSmith. üò© https://t.co/90hAOAcT4W,2022-04-04T15:56:52.000Z
155,1511009905901072387,1403015192452030469,"Our first episode for #WillSmith is tomorrow! His 1992 film debut Where the Day Takes you is full of other young recognizable actors. 

#movies #moviepodcast #podcast #willsmithmovie #podcastsuggestions https://t.co/wqLEqVEBF5",2022-04-04T15:56:49.000Z
156,1511009835571159043,1313538576722821125,Cheap Baseball packs ‚öæÔ∏è  #sportscards #nba #nfl #panini #batman¬†¬†¬†¬† #lebron #curry #topps #wanderfranco #rookie  #luka #brady¬†¬†¬†¬†¬†¬†#mosaic #ufc #pokemon #japan #china #us #usa #invest #investing #tcg #trading #ohtani #tradingcards #btc¬†¬†¬†¬†¬† #willsmith https://t.co/LP4DRaS6EG,2022-04-04T15:56:32.000Z
157,1511009356594270209,901992299600781312,Yo #WillSmith join my evil empire? I actually own this planet. I am planning on initiating the zombie apocalypse. I WILL make sure you get rations and guns. #Utopia,2022-04-04T15:54:38.000Z
158,1511008503510728704,1226026305163972608,"One small mistake doesn‚Äôt define who you are. Chin up champ, we‚Äôll need you back stronger! #WillSmith https://t.co/ZDG8v3WboL",2022-04-04T15:51:15.000Z
159,1511008347914444807,1283120300205514754,"New Article! The Downfall of Will Smith and Modern Masculinity. Read It Now.

#WillSmith #WillSmithAssault #willsmithslap #willsmithchrisrock #willsmithoscars #WillSmithAndChrisRock #masculinity 
https://t.co/45XdhwacYp",2022-04-04T15:50:37.000Z
160,1511007564020002818,1288920151593811968,"Will #WillSmith reach 7.4 Million followers on TikTok by April 10, 2022? Reply ‚ÄúYes‚Äù or ‚ÄúNo‚Äù below to let us know what you think!

And if you‚Äôd like to put money on it, head over to the VersusGame app using the link in our bio to predict, win, and get paid. https://t.co/Zu3Gcur9aq",2022-04-04T15:47:31.000Z
161,1511007120141045762,872210458169749504,üî¥ LIVE PODCAST: Will Smith on @Spreaker #chrisrock #slapping #willsmith https://t.co/ZZ6F8T6Zlv,2022-04-04T15:45:45.000Z
162,1511006953627136003,1486058090491428865,I lost friends &amp; friends lost me that‚Äôs life . #WillSmith #Oscars #Maturin,2022-04-04T15:45:05.000Z
163,1511006897389899787,1501909982509510661,That will smith slap wasn‚Äôt that serious to be ‚Äúcanceling‚Äù him like that #WillSmith #JadaPinkettSmith,2022-04-04T15:44:52.000Z
164,1511006756415098883,1330910951382667265,Gracias Will y Chris #WillSmith #ChrisRock  https://t.co/1MjsqSknsS https://t.co/KgzZtiETck,2022-04-04T15:44:18.000Z
165,1511006728380465163,321359935,"How do you think this went down?üëÄ

#willsmith #chrisrock #Oscars #Oscars2022 #WillSmithAssault https://t.co/1ijWxUGAHX",2022-04-04T15:44:11.000Z
166,1511005943399686157,19955912,"The veteran actor was one of several who came to #WillSmith's side immediately after the shocking moment, and now he's revealing what happened as he consoled him.

https://t.co/RDgmzrPFG5",2022-04-04T15:41:04.000Z
167,1511005723467079686,19955575,"The veteran actor was one of several who came to #WillSmith's side immediately after the shocking moment, and now he's revealing what happened as he consoled him.

https://t.co/5tItYy42OH",2022-04-04T15:40:12.000Z
168,1511005712729657357,885468389032030208,"‚ÄúBecause the #DaughtersofHollywood are haughty walking with heads held high &amp; wanton eyes, prancing &amp; skipping as they go, jingling the bracelets on their ankles the Lord will bring sores on their heads and the LORD will make their foreheads bare.‚Äù Isaiah 3:16-17
#WillSmith https://t.co/LIIcanXVLk",2022-04-04T15:40:09.000Z
169,1511005561583722496,1231805370181574657,"#WillSmith should be there celebrating ü•≥ all his years of hard working | because he is with the wrong partner who not value him .. that‚Äôs becoming his cancel season 

#jadaistoxic https://t.co/GaauTmIEhh",2022-04-04T15:39:33.000Z
170,1511005234277011461,21194711,".@cbs @RecordingAcad #WillSmith #ChrisRock

#LouisCK was NOT canceled for 5 years, He was back on stage 10 months after sexual misconduct scandal. He was unable to PUBLICLY promote due to backlash. He also ADMITTED the accusations were TRUE &amp; apologised
üëá
https://t.co/yHiZ8CB5lh https://t.co/v69lvuhEpR https://t.co/Cw5VYvclJ2",2022-04-04T15:38:15.000Z
171,1511005179566432263,1498320510567866368,#willsmith is a BITCH,2022-04-04T15:38:02.000Z
172,1511004999521763328,1113950535596609536,"Comedian Earthquake shares his thoughts on #WillSmith slapping #ChrisRock 

Watch the full video: https://t.co/RNgQvO4nRG https://t.co/mLr8GhZv1g",2022-04-04T15:37:19.000Z
173,1511004868911185920,459708890,"Scum...

...this is the world #WillSmith wants us to live in. https://t.co/WS1mDIBhDg",2022-04-04T15:36:48.000Z
174,1511004839454679045,3350142531,"As for @netflix, we still have ways to stream #WillSmith‚Äôs movies. Whether it‚Äôs cable or watching them on DVDs/Blu-Ray Discs https://t.co/UV5UcNhUaV",2022-04-04T15:36:41.000Z
175,1511004835629445130,21194711,".@cbs @RecordingAcad #WillSmith #ChrisRock

#LouisCK was NOT canceled for 5 years, He was back on stage 10 months after sexual misconduct scandal. He was unable to PUBLICLY promote due to backlash. He also ADMITTED the accusations were TRUE &amp; apologised
üëá
https://t.co/yHiZ8CB5lh https://t.co/usaMtzyjAD https://t.co/x4ShYVwJgH",2022-04-04T15:36:40.000Z
176,1511004559581327367,21194711,".@cbs @RecordingAcad #WillSmith #ChrisRock

#LouisCK was NOT canceled for 5 years, He was back on stage 10 months after sexual misconduct scandal. He was unable to PUBLICLY promote due to backlash. He also ADMITTED the accusations were TRUE &amp; apologised
üëá
https://t.co/yHiZ8CB5lh https://t.co/NKT6PNoimp https://t.co/so0lkSXYEo",2022-04-04T15:35:34.000Z
177,1511004558432129030,16569706,Will Smith CANCELLED By Netflix And Sony - Can He Recover From The Oscar... https://t.co/Qnh9Wy8J2b via @YouTube #WillSmith #ChrisRock #Oscars #Disparu,2022-04-04T15:35:34.000Z
178,1511004436650463237,210235694,Im tired of hearing about #WillSmith,2022-04-04T15:35:05.000Z
179,1511004377514856451,1316435438274400256,"What's up #HeathenNationüòà ?! Episode 43 is here! We talk about Rudy's first little league game as a 37 year old man, racism in small towns, #WillSmith smacking the shite outta #ChrisRock, and unveil the very first ""A Penance For Your Thoughts"" segment! #chrisrockwillsmith https://t.co/8bjvVXeKet",2022-04-04T15:34:51.000Z
180,1511004188733497348,1481351730885451778,Tony Rock goes off on Will Smith-Jada at comedy show after slapping his ... https://t.co/9RNKe9sDXu via @YouTube #TonyRock #ComedyShow #WillSmith #Oscars2022 #Oscars,2022-04-04T15:34:06.000Z
181,1511004163366428674,975944918,"This must have been off-limits for Gibson #melgibson #willsmith #foxnews 
https://t.co/ER5CjMQKC8",2022-04-04T15:34:00.000Z
182,1511004160275230726,1231805370181574657,"#jadaistoxic and #narcissisticabuse 

All their years of marriage she works to destroy #WillSmith identity and make him feel worth nothing [ we can tell she is jealous of him success ] https://t.co/n8u8fBMFVj",2022-04-04T15:33:59.000Z
183,1511004130076241941,21194711,".@cbs @RecordingAcad #WillSmith #ChrisRock

#LouisCK was NOT canceled for 5 years, He was back on stage 10 months after sexual misconduct scandal. He was unable to PUBLICLY promote due to backlash. He also ADMITTED the accusations were TRUE &amp; apologised
üëá
https://t.co/yHiZ8CB5lh https://t.co/dlTEw0wFG1 https://t.co/oc6bE5QuHf",2022-04-04T15:33:52.000Z
184,1511004021988941828,1389945875682713602,"Maybe Aunt Viv was right all along about Will Smith. Janet Hubert said years ago, ""He is still an egomaniac and has not grown up"". Was Aunt Viv right all along? #WillSmith #FreshPrince #JadaPinkett https://t.co/MJfeKTizcV",2022-04-04T15:33:26.000Z
185,1511003951218532354,1141725552,Tony Rock goes off on Will Smith-Jada at comedy show after slapping his ... https://t.co/qe2G3XVwvh via @YouTube #TonyRock #ComedyShow #WillSmith #Oscars #Oscars2022,2022-04-04T15:33:09.000Z
186,1511003948534095880,956158568188690433,"Guess what, lgbtq+ people get slapped by the society every day but apparently Will Smith and Chris Rock are more important
#WillSmith #chrisrockwillsmith #LGBT #LGBTQIA",2022-04-04T15:33:09.000Z
187,1511003913515933698,967176186622300160,"https://t.co/RoealbGwrh For Sale
#OurProudBTS #WrestleMania #Memes #btc #GRAMMYs #GRAMMYsTNT #GrammyAwards #Oscars #WillSmith #ChrisRock #AcademyAwards #SlapGate #slap #domains #ad #trending #Seo #Twitter #socialmedia #Online #Memes #onlinemarketing #Advertising #nft https://t.co/8IwhNJvRrN",2022-04-04T15:33:00.000Z
188,1511003757928194051,21194711,".@cbs @RecordingAcad #WillSmith #ChrisRock

#LouisCK was NOT canceled for 5 years, He was back on stage 10 months after sexual misconduct scandal. He was unable to PUBLICLY promote due to backlash. He also ADMITTED the accusations were TRUE &amp; apologised
üëá
https://t.co/yHiZ8CB5lh https://t.co/OIscVyyk2F https://t.co/vs2bch82Ar",2022-04-04T15:32:23.000Z
189,1511003723065090053,1020127911184134145,UNDISPUTED - Skip &amp; Shannon react to Will Smith Slapping Chris Rock during Oscars last night https://t.co/hXmvNLBzbZ via @SwagStar HipHop #skip #shannonsharpe #willsmith,2022-04-04T15:32:15.000Z
190,1511003575685689355,17449231,"Why Will snapped?
Insiders spill new details about #WillSmith ‚Äôs shocking oscars attack - and what really pushed him over the edge üëâ https://t.co/LKQeYlMgHw https://t.co/kmWtIhoRUb",2022-04-04T15:31:40.000Z
191,1511003540621299714,1461732348454748165,I will continue to watch any and every thing #WillSmith does,2022-04-04T15:31:31.000Z
192,1511003505401683968,21194711,".@cbs @RecordingAcad #WillSmith #ChrisRock

#LouisCK was NOT canceled for 5 years, He was back on stage 10 months after sexual misconduct scandal. He was unable to PUBLICLY promote due to backlash. He also ADMITTED the accusations were TRUE &amp; apologised
üëá
https://t.co/yHiZ8CB5lh https://t.co/Werrm9Rgsq https://t.co/flVvirDbla",2022-04-04T15:31:23.000Z
193,1511003477010436101,925154179617820677,"I will do a realistic face head body swap image or photo manipulation #willsmithchrisrock  #WillSmith #ChrisRock 
https://t.co/O42gc7GFCO https://t.co/NaPaM9ZvN9",2022-04-04T15:31:16.000Z
194,1511003459402694662,1102109481842823173,"Check out the BESTWAY2SMOKE PODCAST EPISODE 38 
@bw2s_sirpojr
#cannabisculture #cannabis #CannabisCommunity #willsmith #chrisrockwillsmith #Senate #ChrisRockvsWillsmith
https://t.co/wstG5bvYYf",2022-04-04T15:31:12.000Z
195,1511003363437166606,36464041,"#WillSmith #ChrisRock #Kick
Chris Rock Fights back Will Smith!? #trending #willsmith #slap https://t.co/vegsUH7Hx0 via @YouTube",2022-04-04T15:30:49.000Z
196,1511003279836262409,21194711,".@cbs @RecordingAcad #WillSmith #ChrisRock

#LouisCK was NOT canceled for 5 years, He was back on stage 10 months after sexual misconduct scandal. He was unable to PUBLICLY promote due to backlash. He also ADMITTED the accusations were TRUE &amp; apologised
üëá
https://t.co/yHiZ8CB5lh https://t.co/f67uC1AFhi https://t.co/J3nWZQRHA9",2022-04-04T15:30:29.000Z
197,1511003237968752652,1134522570924011522,Nonmemesense 43 #memes #psytrance #photooftheday #psytrancememe #drug #willsmith #willsmithmeme #anime #manga #alien #psytrancememe #psytrance #progressivetrance #hitech #extratone #blackmetal #psycore https://t.co/YBmRixU7Yj,2022-04-04T15:30:19.000Z
198,1511003052504932353,580726612,So frustrating how people in power/actors etc who commit crimes like sexual assault/sexual harassment get let off and it doesn‚Äôt really get covered in the press and media nor consequences but someone gets a slap and all hell breaks loose! Sort it out #willsmith #getrealcriminals,2022-04-04T15:29:35.000Z
199,1511002938969403392,21194711,".@cbs @RecordingAcad #WillSmith #ChrisRock

#LouisCK was NOT canceled for 5 years, He was back on stage 10 months after sexual misconduct scandal. He was unable to PUBLICLY promote due to backlash. He also ADMITTED the accusations were TRUE &amp; apologised
üëá
https://t.co/yHiZ8CB5lh https://t.co/lVtMk3GCM5 https://t.co/0XucTLWNG3",2022-04-04T15:29:08.000Z
200,1511002923639226368,54631859,"Every single person still trying to censure #WillSmith needs to STFU right now. Your Lynx Body Spray won't mask the stench of #Misogynoir 
White man sexually assaults women: Gets an award. 
Black man smacks down someone verbally assaulting a disabled woman of color: Gets flack? https://t.co/uiJ8CJlSgM",2022-04-04T15:29:04.000Z
201,1511002134090862593,21194711,".@cbs @RecordingAcad #WillSmith #ChrisRock

#LouisCK was NOT canceled for 5 years, He was back on stage 10 months after sexual misconduct scandal. He was unable to PUBLICLY promote due to backlash. He also ADMITTED the accusations were TRUE &amp; apologised
üëá
https://t.co/yHiZ8CB5lh https://t.co/YUcBzAkY1j https://t.co/XKqy0VwKV9",2022-04-04T15:25:56.000Z
202,1511001793840492549,394193334,"Either That, or Whomever Can Run Back and Tell...üëÖü§£ü§£ #IDGAF #CanILive #SmackHard #WillSmith   #HowIComeOutside #RezBlock üòé https://t.co/cqnLlSuA20",2022-04-04T15:24:35.000Z
203,1511001742393188359,885468389032030208,"Women are Too #Spiritual
Man must be  the head  of his family; the Moment he compromisesüôÉ
Never Joke with #Eve, you never know which realm she deals withü§™
And it was not Adam (Read #WillSmith) who was deceived by Satan. The woman was deceived, and sin was the result. 1 Tim 2:14 https://t.co/3IrqLbQ5ac",2022-04-04T15:24:23.000Z
204,1511001406777475076,34364421,#WillSmith Exclusive: Fresh Prince Rescued By Crown Prince of Dubai Days After Oscar Slap Flap https://t.co/2XTWY8KAur via @showbiz411,2022-04-04T15:23:03.000Z
205,1511001380667936777,1506707664809701378,"Will Smith did the right thing? 
#NFT #NFTGiveaway #nftphotography #NFTCommumity #NFTGiveway #nftnews #NFTProjects #WillSmith https://t.co/2VQ01vys83",2022-04-04T15:22:56.000Z
206,1511001331586281472,17929186,Can we infer from the widespread opinion that #JadaPinkettSmith wields power over #WillSmith that Ginni Thomas affects the way Clarence Thomas performs on the Supreme Court? Their actions are more consequential for us all and should be subjected to the greatest scrutiny. https://t.co/87FjJESBec,2022-04-04T15:22:45.000Z
207,1511001116099624961,43005825,Philly representing with them wins. #Questlove #WillSmith #DawnStanley #JazmineSullivan,2022-04-04T15:21:53.000Z
208,1511000946696138766,1493586682486136832,"Will Smith dances and smiles at afterparty Oscars after hitting Chris Rock #WillSmith
https://t.co/M4cY5AH8AQ",2022-04-04T15:21:13.000Z
209,1511000903028858880,1337754019163496450,"#WillSmith #Chrisrock Will Smith, Chris Rock Could Go Head to Head for Best Actor at 2023 Oscars: After Will Smith slapped Chris Rock at the Oscars in March, the stars could face off once again at next year's ceremony with their respective films. https://t.co/VnWvcMd2IY",2022-04-04T15:21:02.000Z
210,1511000864110129154,1217198127591186437,"A lot has happened since the #AcademyAwards when #WillSmith slapped #ChrisRock on stage in front of everyone in the theater and a global audience, including Smith resigning from the academy. 

@TVAshleigh asks, what does Smith's resignation mean?

More: https://t.co/YNcFGd3KCo https://t.co/w2ujhZHF5x",2022-04-04T15:20:53.000Z
211,1511000683629142018,1430443039386963972,"üé® @alexmdc7 

‚Äò The greatest night in the history of television‚Äô üëãüèº

A cartoonists version of the recent incident that occurred during the 2022 Oscars ! üì∫üèÜ
  
üîê Exclusively on @niftygateway #NFTlaunch #WillSmith #willsmithslap #Oscars #ChrisRock https://t.co/v7JMKgK8e2",2022-04-04T15:20:10.000Z
212,1511000588531773442,1307071400608501763,And they just keep coming #WillSmith #willsmithslap #oscars https://t.co/tKloKjot5Q,2022-04-04T15:19:47.000Z
213,1511000457203834886,26411479,"Future Will Smith projects are on hold. Which movie were you looking forward to?

#moviefone #movienews #WillSmith 

https://t.co/mvsMITbMqs",2022-04-04T15:19:16.000Z
214,1511000380397789187,28814654,"My message to Will and Jada. üñ§
@jadapsmith #WillSmith #JadaPinkettSmith https://t.co/qgOG0RUa8Z",2022-04-04T15:18:58.000Z
215,1511000113262518273,4877182917,"SelectiveCancel Culture-Bringing Disgrace,Disgust&amp; Violence to a nightOf Celebratn shld NEVER beAcceptable Hollywood hold #WillSmith accountable! @THR @HollywoodLife @AcademyAwardsHD @latimesent @theMRC @people @PageSix @TMZLive @accesshollywood @CBSNews @NBCNews @ABC @wbpictures https://t.co/D6SdhPPuWQ https://t.co/BaVfHzpZtg",2022-04-04T15:17:54.000Z
216,1511000094128185354,1313538576722821125,Cheap NBA Boxes Auction $.01 üëÄ #sports #sportscards #nba #nfl #panini #batman¬†¬†¬†¬† #lebron #curry #worldcup #rookie  #luka #brady¬†¬†¬†¬†#mosaic #ufc #pokemon #japan #china #us #usa #invest #investing #tcg #trading #tradingcards #btc¬†¬†¬†#bron #willsmith  https://t.co/8KVveUwf3O,2022-04-04T15:17:50.000Z
217,1510999652228808713,16973523,"I'm not going to say I'm boycotting #WillSmith movies. I dare not try to take away from the fantastic actor he is, but I'll see 'Will' the man, with different eyes; as a human who makes mistakes like all of us. No 1 is perfect.",2022-04-04T15:16:04.000Z
218,1510999610797436937,1484093840932098048,"THE MEGHALAYAN | ENTERTAINMENT

Comedian Trevor Noah opened the 64th Annual Grammy Awards by alluding to Will Smith‚Äôs controversial slap of Chris Rock.

READ MORE: https://t.co/fD0ywYNguE

#news #tweetwiththemeghalayan #trevornoah #GRAMMYs #WillSmith #alluded #SlapChrisRock",2022-04-04T15:15:54.000Z
219,1510999577737969668,1441149387288170498,"Easy like MONDAY Morningüòâ

#AcademyAwards #Bitcoin #BTSARMY #bts #WillSmith #Elections2022 #FuelPrice #GRAMMYs #GrammyAwards #JUNGKOOK #JIN #MondayMotivation #ThisMorning #wordle #memes #fun #funny https://t.co/8QE6fFTsDH",2022-04-04T15:15:47.000Z
220,1510999518254444550,1509262129949511700,"Check out our new NFT collection with the funniest slap memes: https://t.co/jGhNScWmlR
#willsmithchrisrock 
#ChrisRockvsWillsmith
#WillSmith
#ChrisRock
#SlapChrisRock
#Oscarslap
#NFTCommunity
#Oscars2022 
#Memes 
#memecoins 
#NFTs",2022-04-04T15:15:32.000Z
221,1510999483206799363,1313538576722821125,Cheap Baseball packs ‚öæÔ∏è sports #sportscards #nba #nfl #panini #batman¬†¬†¬† #lebron #curry #topps #wanderfranco #rookie  #luka #brady¬†¬†¬†¬†¬†#mosaic #ufc #pokemon #japan #china #us #usa #invest #investing #tcg #trading #ohtani #tradingcards #btc¬†¬†¬†¬† #willsmith  https://t.co/LP4DRaS6EG,2022-04-04T15:15:24.000Z
222,1510999331180105728,1027334743,Analysis: Did Will Smith Leave Apple Stuck With A Toxic 'Emancipation'? $AAPL $AMZN $CMCSA $DIS https://t.co/rBO30d1WqR via @Benzinga @AppleTVPlus #WillSmith #movies #AcademyAwards #boxoffice #Oscars #LouisCK #WoodyAllen #Disney #MELGIBSON @FatherStuMovie #Entertainment,2022-04-04T15:14:48.000Z
223,1510999166859755520,1506360483179286539,"Let's ban #WillSmith movies, songs, shows until #BTC reaches $250K then we can forgive him ü§£",2022-04-04T15:14:09.000Z
224,1510999088107606016,1133199928426000387,"I couldn't help it. üòÇüòÇ #WillSmith

Shout out to whoever made this masterpiece. https://t.co/GvSssRIOX1",2022-04-04T15:13:50.000Z
225,1510998970016964609,1455833225285283841,"""Jada's man: No Will Home""

Like yikes! That was a punch without a punch line. 

#IStandWithChrisRock #AcademyAwards2022
#willsmithchrisrock
#WillSmithAssault #WillAndChris #Jada #chrisrockslap
#WillSmith #SlapChrisRock #ChrisRock #art
#artistsontwitter #Oscars https://t.co/Dw6mf2ixHB",2022-04-04T15:13:22.000Z
226,1510998918171348994,3071785482,"Here's my verdict on what I feel about the Oscars situation.

https://t.co/KR2s9KQ2WB

#Oscars #WillAndChris #WillSmith",2022-04-04T15:13:09.000Z
227,1510998882884460546,797001103,"#Whoopi just destroyed #SunnyHostin, saying ‚Äúwe don‚Äôt get awards for being nice people‚Äù

Don‚Äôt nobody care about your dollar, Sunny, it only takes about 5 people to make one of Ur productionsüòÇüòÇüòÇüòÇ

Too many people make money off of #WillSmith movies üé•ü§ëü§ëü§ë

#TheView
#Oscars",2022-04-04T15:13:01.000Z
228,1510998746796109826,1175813428751097857,ü§î Maybe Sis Whoopi needs to recuse herself from voting on the @TheAcademy decision on  punishment for #WillSmith since she's stated everyday what she says is not gonna happen! #TheView,2022-04-04T15:12:28.000Z
229,1510998588440170497,37258186,Can @WhoopiGoldberg stop speaking over the panel members of @TheView ? She especially does this to @sunny and it's extremely annoying! Write your thoughts down and wait in line please! #TheView #WillSmith,2022-04-04T15:11:51.000Z
230,1510998556584284164,29712495,"Y‚Äôall put #WillSmith on a pedestal all these years, now you found out he‚Äôs a petty man.",2022-04-04T15:11:43.000Z
231,1510998534174167049,1421323842761502722,two of the FCC complaints regarding #WillSmith at #AcademyAwards2022 https://t.co/Jjk17Vyvc7,2022-04-04T15:11:38.000Z
232,1510998507670446085,1506360483179286539,GM frens...screw #WillSmith and his stupid #Oscars2022 - waste of time! I don't watch dem award shows coz I'm busy with my #NFT,2022-04-04T15:11:31.000Z
233,1510998375855845376,1327888280,#ICYMI: Will Smith's Netflix &amp; Bad Boys 4 Put on HOLD After Oscars Slap + Chris Rock Learning Disorder Play a Factor?! https://t.co/ka4eIKLFh0 #WillSmith #martinlawrence #BadBoys4Life #chrisrock #willsmithchrisrock #JadaPinkettSmith https://t.co/ogwdNe2w2k,2022-04-04T15:11:00.000Z
234,1510998345132744723,750816333940592640,"Actors and audiences are horrified and traumatized about Will Smith but, they aren‚Äôt with a Bill trying to be passed with ending the life of a 7day old baby?  That‚Äôs a person!  SMH. #AcademyAwards2022 #WillSmith  we are living in Sodom and Gomorrah",2022-04-04T15:10:53.000Z
235,1510998264476315656,1348812771920650241,"I‚Äôm here for #WillSmith movies .. Tvshows, commercials.. and anything else #WillSmith puts out .. except #WildWildWest .. that movie was godawful.. #TheView https://t.co/aVRTF3ruIQ",2022-04-04T15:10:33.000Z
236,1510998239989927938,1066736635138752513,"Do you think Will Smith would be down to collaborate on ‚Äú12 Years a Med Student‚Äù? #nimeshpatel #jokes #comedy #chrisrock #willsmith #oscars #standupcomedy 

Check out my new hour long mixtape, full special coming in May. Watch here: https://t.co/yyuEoeTvcl https://t.co/lwIMv9Dfdo",2022-04-04T15:10:28.000Z
237,1510998216472334344,95209789,Mayer said there were no plans to divest Candle Media‚Äôs stake in #willsmith‚Äôs production co Westbrook.  https://t.co/AJ26uBROd5,2022-04-04T15:10:22.000Z
238,1510998029083545602,1281571962167472128,The memes are never ending üòÇü§£ #chrisrockwillsmith #ChrisRock #WillSmithAssault #WillSmith https://t.co/e4XKtsOUv9,2022-04-04T15:09:37.000Z
239,1510997972267454475,21194711,".@cbs @RecordingAcad #WillSmith #ChrisRock
To people saying #LouisCK was canceled for 5 years. He was unable to PUBLICLY acknowledge due to backlash. But in the background he STILL worked
üëá
Louis CK back on stage 10 months after sexual misconduct scandal
https://t.co/tum7xCaFkV https://t.co/VTHH91JnIb https://t.co/VMJMB6nmOY",2022-04-04T15:09:24.000Z
240,1510997561221554190,1092201403861397507,If #WillSmith loses out on future projects so be it! You cannot physically assault someone especially on live üì∫ #Oscars #TheView,2022-04-04T15:07:46.000Z
241,1510997419953164303,1348812771920650241,#WillSmith will be fine.. He can contact #TylerPerry and make movies.. He‚Äôs rich and privileged.. so he‚Äôll make it through.. they can‚Äôt cancel #WillSmith .. #TheView https://t.co/AogYvFx1LY,2022-04-04T15:07:12.000Z
242,1510997388793634818,971753217934622721,"Can #AI predict our #emotions ? Let‚Äôs apply a basic model to Will Smith‚Äô speech

#Willsmith #WillSmithAssault https://t.co/a0f7zm0CJH",2022-04-04T15:07:05.000Z
243,1510997333852442634,1509598133306765321,Basically the people siding with #WillSmith are asking for a nation run on EMOTIONS instead of LOGIC. How tf we say this is a Black vs White thing but don't take accountability for Black on Black crime? Does #ChrisRock not have a family? yall don't care bc it wasn't u getting hit,2022-04-04T15:06:52.000Z
244,1510997329767243777,1032097290570407937,"A wyte American band won a #Grammy for best reggae album üôÑ.

Where TF is #WillSmith when you need him?

#GRAMMYs #CultureVultures #Colonizers #StruggleLocks #Slap them all. https://t.co/3ZuIuIdwsf",2022-04-04T15:06:51.000Z
245,1510997297865236481,391317360,"This is easily my favourite solution to what happened at the #Oscar
A celebrity gauntlet. More of us watched one actor slap another than the actual show, make it all slapping.
#MetGala #AcademyAwards #Hollywood #WillAndChris #ChrisRock #WillSmith 

#TikTok https://t.co/BodIH9c7mj",2022-04-04T15:06:43.000Z
246,1510997283738816513,340037502,Me not standing for #WillSmith‚Äôs #Oscar acceptance speech while everyone else gives him a standing ovation. https://t.co/zFkb041phe,2022-04-04T15:06:40.000Z
247,1510997203317407753,487988927,"#WillSmith has issues with himself not defending his mother and it boiled up in needing to defend Jada in that moment. Was it the right thing to do? Nah, but we‚Äôre all human and he deserves compassion..",2022-04-04T15:06:20.000Z
248,1510996849540354061,21194711,".@cbs @RecordingAcad #WillSmith #ChrisRock
To people saying #LouisCK was canceled for 5 years. He was unable to PUBLICLY acknowledge due to backlash. But in the background he STILL worked
üëá
Louis CK back on stage 10 months after sexual misconduct scandal
https://t.co/tum7xCaFkV https://t.co/1XwN7hhlsR https://t.co/6uEYbdKDEL",2022-04-04T15:04:56.000Z
249,1510996729197469699,2243977779,If #WillSmith were truly remorseful he would return the #Oscar. #Expulsion.¬†¬†¬† #academyawards¬†¬†¬†@TheView #respect @Variety @TheAcademy @dawnhudson @RitaWilson @WhoopiGoldberg  @LauraDern #violence #arrogance #Oscar2022 #disgusting #FCC @TheTalkCBS @JimCarrey @Oprah  #disrespect,2022-04-04T15:04:27.000Z
250,1510996591137767430,1273273883827765249,"#DenzelWashington has officially entered the slap chat! #WillSmith #ChrisRock #Oscars #Oscar2022 

üì∞: https://t.co/kvchtNRPLF https://t.co/kkg8HKhcuW",2022-04-04T15:03:54.000Z
251,1510996562910097412,709025144,The latest The Formae Mentis Daily! https://t.co/5mdUWXACve Thanks to @EyesForLies @PaulEkman @navarrotells #oscars #willsmith,2022-04-04T15:03:48.000Z
252,1510996552982188033,200631366,No good. @fallon_geoffrey #WillSmith #comics @OddballMagazine    https://t.co/98UQSKNkKv,2022-04-04T15:03:45.000Z
253,1510996464096456708,1089712100,"I cant wait!! 
Its bitter sweet beacuse itll hasten the end to one of the BEST shows on tv! 
@mrbobodenkirk @rheaseehorn deserve ALL the #Emmys  
If still snakebitten in a year, ill go all #willsmith on the voters asses!! https://t.co/2ZkwNlvUCP",2022-04-04T15:03:24.000Z
254,1510996344424570883,1506142673190756353,https://t.co/MNl4P76JF3 tons of pieces for sale. All verified projects and below floor. A variety of untilities to choose from on this Monday morning :) #NFT #NFTshill #NFTdrop #nftart #WillSmith #kevin #KanyeWest,2022-04-04T15:02:56.000Z
255,1510996171145330692,229151143,"Every time I think I know what I‚Äôm thinking about the now infamous Oscar slap last week, something else comes along and I get a different perspective to consider.
Check out Dr. Hopson's #blog: https://t.co/DRI0Zh7cYK

#WillSmith #Oscar2022 #ChrisRock #SensitiveSubjects #Sensitive https://t.co/2IfUOAcTNU",2022-04-04T15:02:14.000Z
256,1510996145480376325,128186165,"Raise your hand in the comments if you can relate ‚úã‚Å†
‚Å†
Visit us at https://t.co/Rk2gYmZ7GF for more information on how we can help get you into a home that you love.‚Å†
‚Å†
#mortagemememonday #mortgage #homeloans #renting #rentvsbuy #savingmoney #willsmith #chrisrock https://t.co/7i9kFeTCJ3",2022-04-04T15:02:08.000Z
257,1510996092896354310,1499533158399758340,#Willsmith made a mistake by slapping #ChrisRock.  But Chris Rock made the mistake of making fun of Will Smith's wife.  And this was all happening on live tv which makes all this a tragedy.  #Forgive each other and learn from this mistake.  Don't criticize one another.,2022-04-04T15:01:56.000Z
258,1510995914911014914,3864903628,"I redrew Will Smith slapping Chris Rock from the Batman slapping Robin meme. 

#WillSmithAssault #willsmithslap #willsmithchrisrock #WillSmith #ChrisRockvsWillsmith #ChrisRock #digitalart #DigitalArtist #willsmithslapschrisrock https://t.co/sC31l5Fc1n",2022-04-04T15:01:13.000Z
259,1510995858208133121,14628989,"Netflix and Sony pull back #WillSmith led projects amid #Oscars' fallout

When this cools down, they'll do them. It's for show; he won't be canceled. Please! ü§¶üèΩ‚Äç‚ôÇÔ∏è

#politicsandsports #WillSmith #ChrisRock #conservatives #libertarians #sportsgrumbling

https://t.co/24ZKh1a49w",2022-04-04T15:01:00.000Z
260,1510995795855745029,801080501180186624,"Don't be like Chris, just use Fix-A-Floor instead! üòÇ

#willsmith #oscars #chrisrock #fixafloor https://t.co/RjSGSn37H4",2022-04-04T15:00:45.000Z
261,1510995743640723456,52434293,‚ÄúNever see Will attackin them.‚Äù üß¢ #willsmith #gettinjiggywitit,2022-04-04T15:00:32.000Z
262,1510995579887042563,194342872,"#WillSmith
 #PhilCollins
  #BruceWillis
2022 is taking all the #legend down. ü§îüòí",2022-04-04T14:59:53.000Z
263,1510995563629719555,1317979106315821056,"The fallout for #willsmith has only just begun

https://t.co/V2OuBiJb9j",2022-04-04T14:59:49.000Z
264,1510995402564247556,762684893583245312,"So... we made this?
https://t.co/3nKKBfmPyG
.
.
#oscars #academyawards #willsmith #chrisrock",2022-04-04T14:59:11.000Z
265,1510995283496165378,1420660507,#JohnOliver Slams O.J. Simpson‚Äôs Thoughts on #WillSmith Slap: ‚ÄòNo One Wants to Hear From You‚Äô https://t.co/bJNYexblA2 https://t.co/hfUbnqLzhA,2022-04-04T14:58:43.000Z
266,1510994774383341578,4877182917,"SelectiveCancel Culture-Bringing Disgrace,Disgust&amp; Violence to a nightOf Celebratn shld NEVER beAcceptable Hollywood hold #WillSmith accountable! @THR @HollywoodLife @AcademyAwardsHD @latimesent @theMRC @people @PageSix @TMZLive @accesshollywood @CBSNews @NBCNews @ABC @wbpictures https://t.co/2aYBsSY4yJ https://t.co/Z97Cpch32D",2022-04-04T14:56:41.000Z
267,1510994327677325315,21194711,".@cbs @RecordingAcad #WillSmith #ChrisRock
To people saying #LouisCK was canceled for 5 years. He was unable to PUBLICLY acknowledge due to backlash. But in the background he STILL worked
üëá
Louis CK back on stage 10 months after sexual misconduct scandal
https://t.co/tum7xCaFkV https://t.co/zotVAiub8D https://t.co/ZLgutJqsl0",2022-04-04T14:54:55.000Z
268,1510994297692495874,1081468790536392704,"Netflix declines to work with Will Smith in reaction to his 'Slap' to Chris Rock.
.
.
#WillSmith #ChrisRock #JadaPinkettSmith #Oscars2022 #WillSmithSlaps #Netflix #ApplePlus #ChrisRockSlapped #Hollywood #TheLiberacy
https://t.co/TGfrAFXJOk",2022-04-04T14:54:48.000Z
269,1510994235108913157,919021711437082630,"#WillSmith Allegedly Upset Over #Jada History With An Actor, Close To $350M #Divorce , Anonymous #Rumors Say #SmartNews  https://t.co/BbpA5wMeSn",2022-04-04T14:54:33.000Z
270,1510994128846434311,1398747840,"#Hope #USA #64thGrammyAwards #TrevorNoah Opens #Grammys With #WillSmith (no) #Slap Joke: ""Keeping People‚Äôs Names Out of Our Mouths"" comedian good advice #KanyeWest disinvited from performing but chose to skip the event altogether nominated for 3 awarded 2 https://t.co/SZCUdiSOso",2022-04-04T14:54:07.000Z
271,1510993573155639296,1499249306519408645,"So wait,
ima try to catch you all up.

Notice how I went quiet after the #WillSmith thing?
For a full week?

Yeah, I was #Banned.
For making a celebrity cry.

Our world is #Idiocracy in real life...",2022-04-04T14:51:55.000Z
272,1510993482705481735,1337578744056328194,"I would pay to see this! Sometimes, people need to be taught a lesson and Dave Chapelle is just the person to show #WillSmithÔøº Who he isn't! https://t.co/TmSQyvgcfL",2022-04-04T14:51:33.000Z
273,1510993431065100288,1491259808850210817,"2022, the year memes began passing torches to worthy successors.
#spidermantrio #WillSmith https://t.co/O6tkbOEQzG",2022-04-04T14:51:21.000Z
274,1510993386215460870,818241162,#Netflix  has become the latest company to suspend production of a film involving #WillSmith after #BadBoys paused production of the 4th installment of the film following the events that happened at the 94th #Oscars involving Will and Chris Rock. https://t.co/qAdrUrmydY,2022-04-04T14:51:10.000Z
275,1510993050717208578,2810159168,#WillSmith was wrong to slap #ChrisRock at the #Oscars2022.Silly article writer is weirdly making this about white people's reaction to https://t.co/adI5sa839n? Missing the point. https://t.co/pddlrsnCSB,2022-04-04T14:49:50.000Z
276,1510993041657671682,1000738144197767169,Episode Four of my podcast ‚ÄúAll Eyez On Me Podcast‚Äù is out now! Be sure to listen and share! Another great episode with @DeShmeatGawd &amp; @JK_Wilf #AllEyezOnMe #UKPodcast #SpotifyPodcast #Portsmouth #WillSmith #ChrisRock #Oscars #blackpodcasts #urban #London #entanglement https://t.co/cwMikYDxqi,2022-04-04T14:49:48.000Z
277,1510992241258549256,2411811053,‚ÄòWhat We Don‚Äôt Want to See Is #AngelaBassett Slapping‚Äô: #CourtneyBVance Recalls How He Kept Angela Bassett from Reacting to Woman Who ‚ÄòCussed Them Out‚Äô at Airport Amid Idiot #WillSmith Drama https://t.co/HsRVlgcLf1,2022-04-04T14:46:37.000Z
278,1510992191224745996,2271753447,"Please, somebody call @oprah to get @chrisrock and #willsmith to sit down with her to hash this out so we can move on. #Slap #Oscars #americasmom",2022-04-04T14:46:25.000Z
279,1510991877495050262,357244449,Who was in the wrong?üßê#WillSmith #ChrisRock #JadaPinkettSmith #Roasted #roastcomedy,2022-04-04T14:45:11.000Z
280,1510991870549180417,1359417498463043585,"Just had to

https://t.co/8QffWSJswd

https://t.co/zcgc6vbqRZ

#willsmith #comedy #badboys #kevinhart #freshprince #freshprinceofbelair #chrisrock #oscars #thefreshprinceofbelair #willsmithquotes #birthday #willsmithfan #birthdaycard #love #willsmithmeme #funny https://t.co/cPKYNQkRL9",2022-04-04T14:45:09.000Z
281,1510991859358875656,935002437299113985,"Check out my YT Channel for fun Podcast and Gaming Content
#gaming #YouGotThisBTS
#youtube #ApexLegends #apexlegendsmobile #ApexËá™Â∑±Á¥π‰ªã„Ç´„Éº„Éâ #shooter #podcast #gamergirl #content #WillSmith #UFC #UFC273 https://t.co/LGg4nSDPGf",2022-04-04T14:45:06.000Z
282,1510991816988008450,1509598133306765321,"We blame ""Race"" on everything before actually taking accountability. WE ARE LIVING IN THE AGE OF ""judge my image"" instead of ""Judge me by the content of my character then the color of my skin"" did yall forget what we fought for??? #BlackTwitter #ProtectBlackWomen #WillSmith",2022-04-04T14:44:56.000Z
283,1510991205387370498,154868012,"It‚Äôs amazing how people are suddenly so against violence when a man slaps a man in public but nobody ever gets this upset about men hitting women in private.
#WillSmithAssault #WillSmith #stopjudging",2022-04-04T14:42:30.000Z
284,1510991159622963202,1410282174113214469,#JadaPinkettSmith is the joke but #WillSmith is the punchline,2022-04-04T14:42:19.000Z
285,1510990933504012293,190071725,"I may watch #BadBoys I, II, and III today. 

Hopefully there will be a Bad Boys IV to add to my collection in a year or two.üòâüé¨ #WillSmith",2022-04-04T14:41:26.000Z
286,1510990918752612358,1345476036671238144,"I love seeing violent people say that violence isn't the solution üòÇ...like, sis, we see you fighting or trying to all the time. When did you get a moral compass #WillSmith #ChrisRock",2022-04-04T14:41:22.000Z
287,1510990528258752513,278257450,#DenzelWashington Said He Prayed With #WillSmith : ‚ÄòWho Are We To Condemn?‚Äô https://t.co/ALK8fzxLkc,2022-04-04T14:39:49.000Z
288,1510990484763811840,1502661100617277444,"Check out this item on OpenSea https://t.co/UJKqtlTEgm via @opensea 
#NFTCommmunity #NFTfamily #WillAndChris #WillSmith",2022-04-04T14:39:39.000Z
289,1510990459509874693,1346525624538714112,"#WillSmith's #Oscars slap is having major effect on @chrisrock‚Äôs career

https://t.co/tGfyTKCso0 https://t.co/i6a8qXMFYH",2022-04-04T14:39:33.000Z
290,1510990439599517705,46776592,"https://t.co/Rt49hBnn1R Stick Me With Your ""SAFE AND EFFECTIVE"" SHOT  #mRNA #mRNA„ÉØ„ÇØ„ÉÅ„É≥  #vaxxed #MaskUp #mask #Masked #MaskSinger #UkraineRussianWar #UkraineInvasion #UkraineCrisis #UkraineInvasion #HealthcareHeroes #TruckersConvoy2022 #WillSmith #PsakiBomb",2022-04-04T14:39:28.000Z
291,1510990272767074307,1235910785332723718,"Will Smith Tells Bald Joke "" These Are Jokes."" Arsenio 1991 Vs Oscars 2022

We need to go back to the 90s culture and chill the fuck out!

#WillSmith #Oscars #ArsenioHall #ChrisRock https://t.co/OIYjFu4ww6 https://t.co/iAoUbmlZ4G",2022-04-04T14:38:48.000Z
292,1510990246988689411,712747991808000000,Everybody should cancel their @netflix account immediately. Stop playing field! #WillSmith @TheShadeRoom,2022-04-04T14:38:42.000Z
293,1510990222309400580,1509971845906378759,"""IF I BROKE NA MY BUSINESS"" if you like keep on saying nonsense to spoil your fate #broke #willsmith #fyp #FolloForFolloBack",2022-04-04T14:38:36.000Z
294,1510989640790126595,128339251,"My question is this: Would #WillSmith have got the standin ovation if he had hit a female comedian instead of #ChrisRock? I mean really think about it. Also a follow up, why it is different for a man then? A joke is just that, a joke. It's not a dick, don't take it so hard... https://t.co/5ala6qggPQ",2022-04-04T14:36:17.000Z
295,1510989546321809417,1507047836369793033,"Instead of focusing on #ChrisRock and #WillSmith, how about you focus on getting your money up and check #TerareumToken‚Ä¶",2022-04-04T14:35:55.000Z
296,1510989144406863875,19897138,"At the Academy Awards, Will Smith slapped Chris Rock for making fun of his wife. At the #Grammys, Trevor Noah opened with a joke on it. Watch this video to know more

#TrevorNoah #Grammys2022 #Oscars #NewsMo #WillSmith #ChrisRock https://t.co/kUbFw4UfmO",2022-04-04T14:34:19.000Z
297,1510989046486548485,718445586,Maybe there‚Äôll hear @AkilahNehanda since they‚Äôre not hearing me. Respect dear sister. I bow üôáüèΩ‚Äç‚ôÄÔ∏è to you! üòò #WillSmith #ChrisRock #Oscars2022 FOLLOW @DillardVicki https://t.co/Ueypo2jniJ,2022-04-04T14:33:56.000Z
298,1510988441005273094,1426807723,"I knew his behavior yesterday was beneath him, but everyone has a breaking point, and his was yesterday. Love you, #WillSmith üôèüèº https://t.co/6dcdE45Kie",2022-04-04T14:31:31.000Z
299,1510987891069132804,170990640,FabioPandiscia: The latest The Formae Mentis Daily! https://t.co/ceMgt0I3J2 Thanks to @EyesForLies @PaulEkman @navarrotells #oscars #willsmith,2022-04-04T14:29:20.000Z
